{"assets/icons/apple_icon.svg":["assets/icons/apple_icon.svg"],"assets/icons/boat_icon.svg":["assets/icons/boat_icon.svg"],"assets/icons/car_icon.svg":["assets/icons/car_icon.svg"],"assets/icons/checked_icon.png":["assets/icons/checked_icon.png"],"assets/icons/email_icon.svg":["assets/icons/email_icon.svg"],"assets/icons/facebook_icon.svg":["assets/icons/facebook_icon.svg"],"assets/icons/favorite_icon.svg":["assets/icons/favorite_icon.svg"],"assets/icons/filter_icon.svg":["assets/icons/filter_icon.svg"],"assets/icons/google_icon.svg":["assets/icons/google_icon.svg"],"assets/icons/house_icon.svg":["assets/icons/house_icon.svg"],"assets/icons/inbox_icon.svg":["assets/icons/inbox_icon.svg"],"assets/icons/list_icon.svg":["assets/icons/list_icon.svg"],"assets/icons/map_icon.svg":["assets/icons/map_icon.svg"],"assets/icons/profile_icon.svg":["assets/icons/profile_icon.svg"],"assets/icons/search_icon.svg":["assets/icons/search_icon.svg"],"assets/icons/super_host_icon.svg":["assets/icons/super_host_icon.svg"],"assets/icons/trip_icon.svg":["assets/icons/trip_icon.svg"],"assets/icons/unchecked_icon.png":["assets/icons/unchecked_icon.png"],"assets/icons/yacht_icon.svg":["assets/icons/yacht_icon.svg"],"assets/images/brokr_logo.png":["assets/images/brokr_logo.png"],"assets/images/c1.jpg":["assets/images/c1.jpg"],"assets/images/c2.jpg":["assets/images/c2.jpg"],"assets/images/c3.jpg":["assets/images/c3.jpg"],"assets/images/c4.jpg":["assets/images/c4.jpg"],"assets/images/call_icon.png":["assets/images/call_icon.png"],"assets/images/circle_orange.png":["assets/images/circle_orange.png"],"assets/images/drop_down.svg":["assets/images/drop_down.svg"],"assets/images/email.svg":["assets/images/email.svg"],"assets/images/image_background.png":["assets/images/image_background.png"],"assets/images/message_icon.png":["assets/images/message_icon.png"],"assets/images/s1.jpg":["assets/images/s1.jpg"],"assets/images/s2.jpg":["assets/images/s2.jpg"],"assets/images/s3.jpg":["assets/images/s3.jpg"],"assets/images/s4.jpg":["assets/images/s4.jpg"],"assets/images/support-img.png":["assets/images/support-img.png"],"assets/images/v1.jpg":["assets/images/v1.jpg"],"assets/images/v2.jpg":["assets/images/v2.jpg"],"assets/images/v3.jpg":["assets/images/v3.jpg"],"assets/images/v4.jpg":["assets/images/v4.jpg"],"assets/images/y1.jpg":["assets/images/y1.jpg"],"assets/images/y2.jpg":["assets/images/y2.jpg"],"assets/images/y3.jpg":["assets/images/y3.jpg"],"assets/images/y4.jpg":["assets/images/y4.jpg"],"assets/lottie/gift.json":["assets/lottie/gift.json"],"assets/lottie/point.json":["assets/lottie/point.json"],"assets/lottie/splash_logo.json":["assets/lottie/splash_logo.json"],"assets/lottie/success.json":["assets/lottie/success.json"],"packages/cupertino_icons/assets/CupertinoIcons.ttf":["packages/cupertino_icons/assets/CupertinoIcons.ttf"],"packages/font_awesome_flutter/lib/fonts/fa-brands-400.ttf":["packages/font_awesome_flutter/lib/fonts/fa-brands-400.ttf"],"packages/font_awesome_flutter/lib/fonts/fa-regular-400.ttf":["packages/font_awesome_flutter/lib/fonts/fa-regular-400.ttf"],"packages/font_awesome_flutter/lib/fonts/fa-solid-900.ttf":["packages/font_awesome_flutter/lib/fonts/fa-solid-900.ttf"],"packages/iconsax/lib/assets/fonts/iconsax.ttf":["packages/iconsax/lib/assets/fonts/iconsax.ttf"]}