{"v":"5.5.7","meta":{"g":"LottieFiles AE 0.1.20","a":"","k":"","d":"","tc":""},"fr":60,"ip":0,"op":100,"w":32,"h":32,"nm":"Comp 1","ddd":0,"assets":[{"id":"comp_0","layers":[{"ddd":0,"ind":1,"ty":4,"nm":"Shape Layer 2","sr":1,"ks":{"o":{"a":0,"k":100,"ix":11},"r":{"a":0,"k":0,"ix":10},"p":{"a":0,"k":[157.045,153.045,0],"ix":2},"a":{"a":0,"k":[-2.955,-6.955,0],"ix":1},"s":{"a":0,"k":[100,100,100],"ix":6}},"ao":0,"shapes":[],"ip":0,"op":100,"st":0,"bm":0},{"ddd":0,"ind":2,"ty":4,"nm":"star 2","sr":1,"ks":{"o":{"a":0,"k":100,"ix":11},"r":{"a":1,"k":[{"i":{"x":[0.75],"y":[1]},"o":{"x":[0.25],"y":[0]},"t":18,"s":[0]},{"t":81,"s":[184]}],"ix":10},"p":{"a":0,"k":[73,275,0],"ix":2},"a":{"a":0,"k":[43,43,0],"ix":1},"s":{"a":1,"k":[{"i":{"x":[0.75,0.75,0.75],"y":[1,1,1]},"o":{"x":[0.25,0.25,0.25],"y":[0,0,0]},"t":18,"s":[0,0,100]},{"i":{"x":[0.75,0.75,0.75],"y":[1,1,1]},"o":{"x":[0.25,0.25,0.25],"y":[0,0,0]},"t":28,"s":[40,40,100]},{"i":{"x":[0.75,0.75,0.75],"y":[1,1,1]},"o":{"x":[0.25,0.25,0.25],"y":[0,0,0]},"t":48,"s":[60,60,100]},{"t":66,"s":[0,0,100]}],"ix":6}},"ao":0,"shapes":[{"ty":"gr","it":[{"ind":0,"ty":"sh","ix":1,"ks":{"a":0,"k":{"i":[[0,0],[0,0],[8.079,-2.308],[0,0],[0,0],[-2.308,-8.079],[0,0],[0,0],[-8.079,2.308],[0,0],[0,0],[2.307,8.078]],"o":[[0,0],[-2.308,8.078],[0,0],[0,0],[8.079,2.308],[0,0],[0,0],[2.307,-8.079],[0,0],[0,0],[-8.079,-2.308],[0,0]],"v":[[0,-42.413],[-5.713,-22.414],[-22.415,-5.713],[-42.413,0],[-22.415,5.714],[-5.713,22.415],[0,42.413],[5.714,22.415],[22.415,5.714],[42.413,0],[22.415,-5.713],[5.714,-22.414]],"c":true},"ix":2},"nm":"Path 1","mn":"ADBE Vector Shape - Group","hd":false},{"ty":"fl","c":{"a":0,"k":[1,0.898603790882,0.638300099092,1],"ix":4},"o":{"a":0,"k":100,"ix":5},"r":1,"bm":0,"nm":"Fill 1","mn":"ADBE Vector Graphic - Fill","hd":false},{"ty":"tr","p":{"a":0,"k":[42.663,42.663],"ix":2},"a":{"a":0,"k":[0,0],"ix":1},"s":{"a":0,"k":[100,100],"ix":3},"r":{"a":0,"k":0,"ix":6},"o":{"a":0,"k":100,"ix":7},"sk":{"a":0,"k":0,"ix":4},"sa":{"a":0,"k":0,"ix":5},"nm":"Transform"}],"nm":"Group 1","np":2,"cix":2,"bm":0,"ix":1,"mn":"ADBE Vector Group","hd":false}],"ip":0,"op":100,"st":-9,"bm":0},{"ddd":0,"ind":3,"ty":4,"nm":"star","sr":1,"ks":{"o":{"a":0,"k":100,"ix":11},"r":{"a":1,"k":[{"i":{"x":[0.75],"y":[1]},"o":{"x":[0.25],"y":[0]},"t":27,"s":[0]},{"t":83,"s":[135]}],"ix":10},"p":{"a":0,"k":[272,113,0],"ix":2},"a":{"a":0,"k":[43,43,0],"ix":1},"s":{"a":1,"k":[{"i":{"x":[0.75,0.75,0.75],"y":[1,1,1]},"o":{"x":[0.25,0.25,0.25],"y":[0,0,0]},"t":27,"s":[0,0,100]},{"i":{"x":[0.75,0.75,0.75],"y":[1,1,1]},"o":{"x":[0.25,0.25,0.25],"y":[0,0,0]},"t":37,"s":[51,51,100]},{"i":{"x":[0.75,0.75,0.75],"y":[1,1,1]},"o":{"x":[0.25,0.25,0.25],"y":[0,0,0]},"t":57,"s":[84,84,100]},{"t":75,"s":[0,0,100]}],"ix":6}},"ao":0,"shapes":[{"ty":"gr","it":[{"ind":0,"ty":"sh","ix":1,"ks":{"a":0,"k":{"i":[[0,0],[0,0],[8.079,-2.308],[0,0],[0,0],[-2.308,-8.079],[0,0],[0,0],[-8.079,2.308],[0,0],[0,0],[2.307,8.078]],"o":[[0,0],[-2.308,8.078],[0,0],[0,0],[8.079,2.308],[0,0],[0,0],[2.307,-8.079],[0,0],[0,0],[-8.079,-2.308],[0,0]],"v":[[0,-42.413],[-5.713,-22.414],[-22.415,-5.713],[-42.413,0],[-22.415,5.714],[-5.713,22.415],[0,42.413],[5.714,22.415],[22.415,5.714],[42.413,0],[22.415,-5.713],[5.714,-22.414]],"c":true},"ix":2},"nm":"Path 1","mn":"ADBE Vector Shape - Group","hd":false},{"ty":"fl","c":{"a":0,"k":[1,0.898603790882,0.638300099092,1],"ix":4},"o":{"a":0,"k":100,"ix":5},"r":1,"bm":0,"nm":"Fill 1","mn":"ADBE Vector Graphic - Fill","hd":false},{"ty":"tr","p":{"a":0,"k":[42.663,42.663],"ix":2},"a":{"a":0,"k":[0,0],"ix":1},"s":{"a":0,"k":[100,100],"ix":3},"r":{"a":0,"k":0,"ix":6},"o":{"a":0,"k":100,"ix":7},"sk":{"a":0,"k":0,"ix":4},"sa":{"a":0,"k":0,"ix":5},"nm":"Transform"}],"nm":"Group 1","np":2,"cix":2,"bm":0,"ix":1,"mn":"ADBE Vector Group","hd":false}],"ip":0,"op":100,"st":0,"bm":0},{"ddd":0,"ind":4,"ty":4,"nm":"top","parent":6,"sr":1,"ks":{"o":{"a":0,"k":100,"ix":11},"r":{"a":0,"k":0,"ix":10},"p":{"a":1,"k":[{"i":{"x":0.67,"y":1},"o":{"x":0.33,"y":0},"t":15,"s":[42.5,13.826,0],"to":[0,0.715,0],"ti":[0,-0.145,0]},{"i":{"x":0.67,"y":1},"o":{"x":0.33,"y":0},"t":25,"s":[42.5,18.113,0],"to":[0,0.145,0],"ti":[0,0,0]},{"i":{"x":0.67,"y":1},"o":{"x":0.33,"y":0},"t":38,"s":[42.5,14.699,0],"to":[0,0,0],"ti":[0,0.145,0]},{"i":{"x":0.67,"y":1},"o":{"x":0.33,"y":0},"t":51,"s":[42.5,18.113,0],"to":[0,-0.145,0],"ti":[0,0.715,0]},{"t":60,"s":[42.5,13.826,0]}],"ix":2},"a":{"a":0,"k":[50.5,19.094,0],"ix":1},"s":{"a":0,"k":[100,100,100],"ix":6}},"ao":0,"shapes":[{"ty":"gr","it":[{"ind":0,"ty":"sh","ix":1,"ks":{"a":1,"k":[{"i":{"x":0.67,"y":1},"o":{"x":0.33,"y":0},"t":15,"s":[{"i":[[0,0],[0,0],[0,0],[0,0]],"o":[[0,0],[0,0],[0,0],[0,0]],"v":[[-10.613,12.607],[10.613,12.607],[10.613,-12.607],[-10.613,-12.607]],"c":true}]},{"i":{"x":0.67,"y":1},"o":{"x":0.33,"y":0},"t":25,"s":[{"i":[[0,0],[0,0],[0,0],[0,0]],"o":[[0,0],[0,0],[0,0],[0,0]],"v":[[-10.613,12.607],[10.613,12.607],[10.651,-11.178],[-10.574,-11.178]],"c":true}]},{"t":51,"s":[{"i":[[0,0],[0,0],[0,0],[0,0]],"o":[[0,0],[0,0],[0,0],[0,0]],"v":[[-10.613,12.607],[10.613,12.607],[10.613,-12.607],[-10.613,-12.607]],"c":true}]}],"ix":2},"nm":"Path 1","mn":"ADBE Vector Shape - Group","hd":false},{"ty":"fl","c":{"a":0,"k":[1,0.545000023935,0.128999986836,1],"ix":4},"o":{"a":0,"k":100,"ix":5},"r":1,"bm":0,"nm":"Fill 1","mn":"ADBE Vector Graphic - Fill","hd":false},{"ty":"tr","p":{"a":0,"k":[50.251,12.857],"ix":2},"a":{"a":0,"k":[0,0],"ix":1},"s":{"a":0,"k":[100,100],"ix":3},"r":{"a":0,"k":0,"ix":6},"o":{"a":0,"k":100,"ix":7},"sk":{"a":0,"k":0,"ix":4},"sa":{"a":0,"k":0,"ix":5},"nm":"Transform"}],"nm":"Group 1","np":2,"cix":2,"bm":0,"ix":1,"mn":"ADBE Vector Group","hd":false},{"ty":"gr","it":[{"ind":0,"ty":"sh","ix":1,"ks":{"a":1,"k":[{"i":{"x":0.67,"y":1},"o":{"x":0.33,"y":0},"t":15,"s":[{"i":[[3.768,0],[0,0],[0,3.767],[0,0],[-3.769,0],[0,0],[0,-3.768],[0,0]],"o":[[0,0],[-3.769,0],[0,0],[0,-3.768],[0,0],[3.768,0],[0,0],[0,3.767]],"v":[[43.178,12.607],[-43.177,12.607],[-50,5.785],[-50,-5.785],[-43.177,-12.607],[43.178,-12.607],[50,-5.785],[50,5.785]],"c":true}]},{"i":{"x":0.67,"y":1},"o":{"x":0.33,"y":0},"t":25,"s":[{"i":[[3.768,0],[0,0],[0,3.767],[0,0],[-3.769,0],[0,0],[0,-3.768],[0,0]],"o":[[0,0],[-3.769,0],[0,0],[0,-3.768],[0,0],[3.768,0],[0,0],[0,3.767]],"v":[[43.178,12.607],[-43.177,12.607],[-50,5.785],[-49.975,-4.237],[-43.152,-11.059],[43.203,-11.059],[50.025,-4.237],[50,5.785]],"c":true}]},{"t":51,"s":[{"i":[[3.768,0],[0,0],[0,3.767],[0,0],[-3.769,0],[0,0],[0,-3.768],[0,0]],"o":[[0,0],[-3.769,0],[0,0],[0,-3.768],[0,0],[3.768,0],[0,0],[0,3.767]],"v":[[43.178,12.607],[-43.177,12.607],[-50,5.785],[-50,-5.785],[-43.177,-12.607],[43.178,-12.607],[50,-5.785],[50,5.785]],"c":true}]}],"ix":2},"nm":"Path 1","mn":"ADBE Vector Shape - Group","hd":false},{"ty":"fl","c":{"a":0,"k":[1,0.791999966491,0.246999987434,1],"ix":4},"o":{"a":0,"k":100,"ix":5},"r":1,"bm":0,"nm":"Fill 1","mn":"ADBE Vector Graphic - Fill","hd":false},{"ty":"tr","p":{"a":0,"k":[50.25,12.857],"ix":2},"a":{"a":0,"k":[0,0],"ix":1},"s":{"a":0,"k":[100,100],"ix":3},"r":{"a":0,"k":0,"ix":6},"o":{"a":0,"k":100,"ix":7},"sk":{"a":0,"k":0,"ix":4},"sa":{"a":0,"k":0,"ix":5},"nm":"Transform"}],"nm":"Group 2","np":2,"cix":2,"bm":0,"ix":2,"mn":"ADBE Vector Group","hd":false}],"ip":0,"op":100,"st":0,"bm":0},{"ddd":0,"ind":5,"ty":4,"nm":"shadow","parent":6,"sr":1,"ks":{"o":{"a":0,"k":20,"ix":11},"r":{"a":0,"k":0,"ix":10},"p":{"a":0,"k":[42.5,22.862,0],"ix":2},"a":{"a":0,"k":[42.5,12.5,0],"ix":1},"s":{"a":0,"k":[100,100,100],"ix":6}},"ao":0,"shapes":[{"ind":0,"ty":"sh","ix":1,"ks":{"a":1,"k":[{"i":{"x":0.67,"y":1},"o":{"x":0.33,"y":0},"t":15,"s":[{"i":[[0,-1.263],[0,0],[0,0],[0,0],[0.404,1.124],[0,0]],"o":[[0,0],[0,0],[0,0],[0,-1.263],[0,0],[-0.404,1.124]],"v":[[0,3.593],[0,17.905],[84.299,24.149],[84.299,3.593],[83.663,0],[0.636,0]],"c":true}]},{"i":{"x":0.67,"y":1},"o":{"x":0.33,"y":0},"t":25,"s":[{"i":[[0,-1.263],[0,0],[0,0],[0,0],[0.404,1.124],[0,0]],"o":[[0,0],[0,0],[0,0],[0,-1.263],[0,0],[-0.404,1.124]],"v":[[0,3.593],[-0.057,16.357],[84.26,18.433],[84.299,3.593],[83.663,0],[0.636,0]],"c":true}]},{"i":{"x":0.67,"y":1},"o":{"x":0.33,"y":0},"t":38,"s":[{"i":[[0,-1.263],[0,0],[0,0],[0,0],[0.404,1.124],[0,0]],"o":[[0,0],[0,0],[0,0],[0,-1.263],[0,0],[-0.404,1.124]],"v":[[0,3.593],[0.047,18.817],[84.346,25.061],[84.299,3.593],[83.663,0],[0.636,0]],"c":true}]},{"i":{"x":0.67,"y":1},"o":{"x":0.33,"y":0},"t":51,"s":[{"i":[[0,-1.263],[0,0],[0,0],[0,0],[0.404,1.124],[0,0]],"o":[[0,0],[0,0],[0,0],[0,-1.263],[0,0],[-0.404,1.124]],"v":[[0,3.593],[-0.057,16.357],[84.26,18.433],[84.299,3.593],[83.663,0],[0.636,0]],"c":true}]},{"t":60,"s":[{"i":[[0,-1.263],[0,0],[0,0],[0,0],[0.404,1.124],[0,0]],"o":[[0,0],[0,0],[0,0],[0,-1.263],[0,0],[-0.404,1.124]],"v":[[0,3.593],[0,17.905],[84.299,24.149],[84.299,3.593],[83.663,0],[0.636,0]],"c":true}]}],"ix":2},"nm":"Path 1","mn":"ADBE Vector Shape - Group","hd":false},{"ty":"fl","c":{"a":0,"k":[0.729472799862,0.032318605161,0,1],"ix":4},"o":{"a":0,"k":100,"ix":5},"r":1,"bm":0,"nm":"Fill 1","mn":"ADBE Vector Graphic - Fill","hd":false}],"ip":0,"op":100,"st":0,"bm":0},{"ddd":0,"ind":6,"ty":4,"nm":"bottom","sr":1,"ks":{"o":{"a":0,"k":100,"ix":11},"r":{"a":0,"k":0,"ix":10},"p":{"a":1,"k":[{"i":{"x":0.67,"y":1},"o":{"x":0.33,"y":0},"t":25,"s":[159.761,297.283,0],"to":[0,-8.547,0],"ti":[0,0,0]},{"i":{"x":0.67,"y":1},"o":{"x":0.33,"y":0},"t":38,"s":[159.761,246,0],"to":[0,0,0],"ti":[0,-8.547,0]},{"t":51,"s":[159.761,297.283,0]}],"ix":2},"a":{"a":0,"k":[42.399,67.111,0],"ix":1},"s":{"a":1,"k":[{"i":{"x":[0.67,0.67,0.67],"y":[1,1,1]},"o":{"x":[0.33,0.33,0.33],"y":[0,0,0]},"t":15,"s":[237.934,237.934,100]},{"i":{"x":[0.67,0.67,0.67],"y":[1,1,1]},"o":{"x":[0.33,0.33,0.33],"y":[0,0,0]},"t":25,"s":[237.934,209.934,100]},{"i":{"x":[0.67,0.67,0.67],"y":[1,1,1]},"o":{"x":[0.33,0.33,0.33],"y":[0,0,0]},"t":38,"s":[210,236,100]},{"i":{"x":[0.67,0.67,0.67],"y":[1,1,1]},"o":{"x":[0.33,0.33,0.33],"y":[0,0,0]},"t":47,"s":[218,236,100]},{"i":{"x":[0.67,0.67,0.67],"y":[1,1,1]},"o":{"x":[0.33,0.33,0.33],"y":[0,0,0]},"t":54,"s":[248,210,100]},{"t":63,"s":[237.934,237.934,100]}],"ix":6}},"ao":0,"shapes":[{"ty":"gr","it":[{"ind":0,"ty":"sh","ix":1,"ks":{"a":0,"k":{"i":[[0,0],[0,0],[0,0],[0,0]],"o":[[0,0],[0,0],[0,0],[0,0]],"v":[[-10.067,33.43],[10.067,33.43],[10.067,-33.43],[-10.067,-33.43]],"c":true},"ix":2},"nm":"Path 1","mn":"ADBE Vector Shape - Group","hd":false},{"ty":"fl","c":{"a":0,"k":[0.995999983245,0.40800000359,0.023999999551,1],"ix":4},"o":{"a":0,"k":100,"ix":5},"r":1,"bm":0,"nm":"Fill 1","mn":"ADBE Vector Graphic - Fill","hd":false},{"ty":"tr","p":{"a":0,"k":[42.4,33.681],"ix":2},"a":{"a":0,"k":[0,0],"ix":1},"s":{"a":0,"k":[100,100],"ix":3},"r":{"a":0,"k":0,"ix":6},"o":{"a":0,"k":100,"ix":7},"sk":{"a":0,"k":0,"ix":4},"sa":{"a":0,"k":0,"ix":5},"nm":"Transform"}],"nm":"Group 1","np":2,"cix":2,"bm":0,"ix":1,"mn":"ADBE Vector Group","hd":false},{"ty":"gr","it":[{"ind":0,"ty":"sh","ix":1,"ks":{"a":0,"k":{"i":[[5.885,0],[0,0],[0,5.884],[0,0],[-5.884,0],[0,0],[0,-5.885],[0,0]],"o":[[0,0],[-5.884,0],[0,0],[0,-5.885],[0,0],[5.885,0],[0,0],[0,5.884]],"v":[[31.495,33.43],[-31.495,33.43],[-42.15,22.775],[-42.15,-22.776],[-31.495,-33.43],[31.495,-33.43],[42.15,-22.776],[42.15,22.775]],"c":true},"ix":2},"nm":"Path 1","mn":"ADBE Vector Shape - Group","hd":false},{"ty":"fl","c":{"a":0,"k":[0.984000052658,0.694000004787,0.13300000359,1],"ix":4},"o":{"a":0,"k":100,"ix":5},"r":1,"bm":0,"nm":"Fill 1","mn":"ADBE Vector Graphic - Fill","hd":false},{"ty":"tr","p":{"a":0,"k":[42.399,33.681],"ix":2},"a":{"a":0,"k":[0,0],"ix":1},"s":{"a":0,"k":[100,100],"ix":3},"r":{"a":0,"k":0,"ix":6},"o":{"a":0,"k":100,"ix":7},"sk":{"a":0,"k":0,"ix":4},"sa":{"a":0,"k":0,"ix":5},"nm":"Transform"}],"nm":"Group 2","np":2,"cix":2,"bm":0,"ix":2,"mn":"ADBE Vector Group","hd":false}],"ip":0,"op":100,"st":0,"bm":0},{"ddd":0,"ind":7,"ty":4,"nm":"ribbon_1","parent":6,"sr":1,"ks":{"o":{"a":0,"k":100,"ix":11},"r":{"a":1,"k":[{"i":{"x":[0.667],"y":[1]},"o":{"x":[0.33],"y":[0]},"t":15,"s":[0]},{"i":{"x":[0.67],"y":[1]},"o":{"x":[0.33],"y":[0]},"t":32,"s":[-11]},{"i":{"x":[0.67],"y":[1]},"o":{"x":[0.33],"y":[0]},"t":48,"s":[16]},{"i":{"x":[0.67],"y":[1]},"o":{"x":[0.33],"y":[0]},"t":60,"s":[-14]},{"t":71,"s":[0]}],"ix":10},"p":{"a":0,"k":[43.971,0.587,0],"ix":2},"a":{"a":0,"k":[39.29,36.92,0],"ix":1},"s":{"a":0,"k":[100,100,100],"ix":6}},"ao":0,"shapes":[{"ty":"gr","it":[{"ind":0,"ty":"sh","ix":1,"ks":{"a":1,"k":[{"i":{"x":0.67,"y":1},"o":{"x":0.33,"y":0},"t":32,"s":[{"i":[[6.687,8.563],[4.092,-0.083],[-2.316,1.328],[0,0]],"o":[[-4.734,7.657],[8.935,4.927],[2.531,-1.45],[0,0]],"v":[[7.283,-11.125],[-19.596,-2.587],[10.672,9.797],[19.596,4.987]],"c":true}]},{"i":{"x":0.67,"y":1},"o":{"x":0.33,"y":0},"t":44,"s":[{"i":[[6.371,9.243],[4.092,-0.083],[-2.316,1.328],[0,0]],"o":[[-4.734,7.657],[8.731,5.589],[2.531,-1.45],[0,0]],"v":[[7.252,-11.232],[-18.266,-2.36],[10.671,9.797],[19.596,4.987]],"c":true}]},{"t":58,"s":[{"i":[[6.687,8.563],[4.092,-0.083],[-2.316,1.328],[0,0]],"o":[[-4.734,7.657],[8.935,4.927],[2.531,-1.45],[0,0]],"v":[[7.283,-11.125],[-19.596,-2.587],[10.672,9.797],[19.596,4.987]],"c":true}]}],"ix":2},"nm":"Path 1","mn":"ADBE Vector Shape - Group","hd":false},{"ty":"fl","c":{"a":0,"k":[0.995999983245,0.40800000359,0.023999999551,1],"ix":4},"o":{"a":0,"k":100,"ix":5},"r":1,"bm":0,"nm":"Fill 1","mn":"ADBE Vector Graphic - Fill","hd":false},{"ty":"tr","p":{"a":0,"k":[29.525,31.807],"ix":2},"a":{"a":0,"k":[0,0],"ix":1},"s":{"a":0,"k":[100,100],"ix":3},"r":{"a":0,"k":0,"ix":6},"o":{"a":0,"k":100,"ix":7},"sk":{"a":0,"k":0,"ix":4},"sa":{"a":0,"k":0,"ix":5},"nm":"Transform"}],"nm":"Group 1","np":2,"cix":2,"bm":0,"ix":1,"mn":"ADBE Vector Group","hd":false},{"ty":"gr","it":[{"ind":0,"ty":"sh","ix":1,"ks":{"a":1,"k":[{"i":{"x":0.67,"y":1},"o":{"x":0.33,"y":0},"t":32,"s":[{"i":[[0,0],[9.061,11.233],[6.628,-7.01],[-7.471,-4.472],[-2.53,1.45]],"o":[[0,0],[-9.248,-11.466],[-6.627,7.01],[7.471,4.472],[2.531,-1.45]],"v":[[24.436,15.142],[5.686,-9.091],[-14.574,-14.392],[-16.965,6.307],[15.511,19.952]],"c":true}]},{"i":{"x":0.67,"y":1},"o":{"x":0.33,"y":0},"t":44,"s":[{"i":[[0,0],[6.708,12.778],[6.351,-7.262],[-5.082,-3.735],[-2.53,1.45]],"o":[[0,0],[-7.767,-14.796],[-8.104,9.268],[7.016,5.156],[2.531,-1.45]],"v":[[24.436,15.142],[6.161,-10.965],[-14.406,-17.336],[-14.892,6.871],[15.511,19.952]],"c":true}]},{"t":58,"s":[{"i":[[0,0],[9.061,11.233],[6.628,-7.01],[-7.471,-4.472],[-2.53,1.45]],"o":[[0,0],[-9.248,-11.466],[-6.627,7.01],[7.471,4.472],[2.531,-1.45]],"v":[[24.436,15.142],[5.686,-9.091],[-14.574,-14.392],[-16.965,6.307],[15.511,19.952]],"c":true}]}],"ix":2},"nm":"Path 1","mn":"ADBE Vector Shape - Group","hd":false},{"ty":"fl","c":{"a":0,"k":[1,0.545000023935,0.128999986836,1],"ix":4},"o":{"a":0,"k":100,"ix":5},"r":1,"bm":0,"nm":"Fill 1","mn":"ADBE Vector Graphic - Fill","hd":false},{"ty":"tr","p":{"a":0,"k":[24.686,21.652],"ix":2},"a":{"a":0,"k":[0,0],"ix":1},"s":{"a":0,"k":[100,100],"ix":3},"r":{"a":0,"k":0,"ix":6},"o":{"a":0,"k":100,"ix":7},"sk":{"a":0,"k":0,"ix":4},"sa":{"a":0,"k":0,"ix":5},"nm":"Transform"}],"nm":"Group 2","np":2,"cix":2,"bm":0,"ix":2,"mn":"ADBE Vector Group","hd":false}],"ip":0,"op":100,"st":0,"bm":0},{"ddd":0,"ind":8,"ty":4,"nm":"ribbon_2","parent":6,"sr":1,"ks":{"o":{"a":0,"k":100,"ix":11},"r":{"a":1,"k":[{"i":{"x":[0.67],"y":[1]},"o":{"x":[0.33],"y":[0]},"t":15,"s":[0]},{"i":{"x":[0.67],"y":[1]},"o":{"x":[0.33],"y":[0]},"t":31,"s":[10]},{"i":{"x":[0.67],"y":[1]},"o":{"x":[0.33],"y":[0]},"t":44,"s":[-23]},{"i":{"x":[0.67],"y":[1]},"o":{"x":[0.33],"y":[0]},"t":58,"s":[14]},{"t":69,"s":[0]}],"ix":10},"p":{"a":0,"k":[43.341,-1.199,0],"ix":2},"a":{"a":0,"k":[7.904,31.219,0],"ix":1},"s":{"a":0,"k":[97.777,97.777,100],"ix":6}},"ao":0,"shapes":[{"ty":"gr","it":[{"ind":0,"ty":"sh","ix":1,"ks":{"a":0,"k":{"i":[[3.556,1.714],[3.426,-2.476],[-1.503,-2.013],[0,0],[-1.529,0.115],[-7.162,5.481]],"o":[[-3.059,2.932],[-2.036,1.472],[0,0],[0.917,1.228],[11.527,-0.87],[-11.272,0.402]],"v":[[-6.38,-8.212],[-16.181,-0.124],[-17.157,6.219],[-16.999,6.294],[-13.069,8.097],[18.66,-2.547]],"c":true},"ix":2},"nm":"Path 1","mn":"ADBE Vector Shape - Group","hd":false},{"ty":"fl","c":{"a":0,"k":[0.910000011968,0.277999997606,0.081999999402,1],"ix":4},"o":{"a":0,"k":100,"ix":5},"r":1,"bm":0,"nm":"Fill 1","mn":"ADBE Vector Graphic - Fill","hd":false},{"ty":"tr","p":{"a":0,"k":[18.91,28.352],"ix":2},"a":{"a":0,"k":[0,0],"ix":1},"s":{"a":0,"k":[100,100],"ix":3},"r":{"a":0,"k":0,"ix":6},"o":{"a":0,"k":100,"ix":7},"sk":{"a":0,"k":0,"ix":4},"sa":{"a":0,"k":0,"ix":5},"nm":"Transform"}],"nm":"Group 1","np":2,"cix":2,"bm":0,"ix":1,"mn":"ADBE Vector Group","hd":false},{"ty":"gr","it":[{"ind":0,"ty":"sh","ix":1,"ks":{"a":0,"k":{"i":[[-2.036,1.471],[-4.844,8.966],[-4.7,-3.19],[1.848,-5.172],[15.547,-1.172],[0.917,1.228],[0,0]],"o":[[8.203,-5.928],[3.244,-6.004],[2.938,1.994],[-2.91,8.143],[-1.529,0.115],[0,0],[-1.503,-2.012]],"v":[[-19.624,9.822],[1.02,-12.152],[11.32,-14.081],[20.255,1.327],[-16.512,18.042],[-20.441,16.24],[-20.6,16.163]],"c":true},"ix":2},"nm":"Path 1","mn":"ADBE Vector Shape - Group","hd":false},{"ty":"fl","c":{"a":0,"k":[0.995999983245,0.40800000359,0.023999999551,1],"ix":4},"o":{"a":0,"k":100,"ix":5},"r":1,"bm":0,"nm":"Fill 1","mn":"ADBE Vector Graphic - Fill","hd":false},{"ty":"tr","p":{"a":0,"k":[22.353,18.406],"ix":2},"a":{"a":0,"k":[0,0],"ix":1},"s":{"a":0,"k":[100,100],"ix":3},"r":{"a":0,"k":0,"ix":6},"o":{"a":0,"k":100,"ix":7},"sk":{"a":0,"k":0,"ix":4},"sa":{"a":0,"k":0,"ix":5},"nm":"Transform"}],"nm":"Group 2","np":2,"cix":2,"bm":0,"ix":2,"mn":"ADBE Vector Group","hd":false}],"ip":0,"op":100,"st":0,"bm":0},{"ddd":0,"ind":9,"ty":4,"nm":"star 3","sr":1,"ks":{"o":{"a":0,"k":100,"ix":11},"r":{"a":1,"k":[{"i":{"x":[0.75],"y":[1]},"o":{"x":[0.25],"y":[0]},"t":50,"s":[0]},{"t":113,"s":[184]}],"ix":10},"p":{"a":0,"k":[81,81,0],"ix":2},"a":{"a":0,"k":[43,43,0],"ix":1},"s":{"a":1,"k":[{"i":{"x":[0.75,0.75,0.75],"y":[1,1,1]},"o":{"x":[0.25,0.25,0.25],"y":[0,0,0]},"t":50,"s":[0,0,100]},{"i":{"x":[0.75,0.75,0.75],"y":[1,1,1]},"o":{"x":[0.25,0.25,0.25],"y":[0,0,0]},"t":60,"s":[40,40,100]},{"i":{"x":[0.75,0.75,0.75],"y":[1,1,1]},"o":{"x":[0.25,0.25,0.25],"y":[0,0,0]},"t":80,"s":[60,60,100]},{"t":98,"s":[0,0,100]}],"ix":6}},"ao":0,"shapes":[{"ty":"gr","it":[{"ind":0,"ty":"sh","ix":1,"ks":{"a":0,"k":{"i":[[0,0],[0,0],[8.079,-2.308],[0,0],[0,0],[-2.308,-8.079],[0,0],[0,0],[-8.079,2.308],[0,0],[0,0],[2.307,8.078]],"o":[[0,0],[-2.308,8.078],[0,0],[0,0],[8.079,2.308],[0,0],[0,0],[2.307,-8.079],[0,0],[0,0],[-8.079,-2.308],[0,0]],"v":[[0,-42.413],[-5.713,-22.414],[-22.415,-5.713],[-42.413,0],[-22.415,5.714],[-5.713,22.415],[0,42.413],[5.714,22.415],[22.415,5.714],[42.413,0],[22.415,-5.713],[5.714,-22.414]],"c":true},"ix":2},"nm":"Path 1","mn":"ADBE Vector Shape - Group","hd":false},{"ty":"fl","c":{"a":0,"k":[1,0.898603790882,0.638300099092,1],"ix":4},"o":{"a":0,"k":100,"ix":5},"r":1,"bm":0,"nm":"Fill 1","mn":"ADBE Vector Graphic - Fill","hd":false},{"ty":"tr","p":{"a":0,"k":[42.663,42.663],"ix":2},"a":{"a":0,"k":[0,0],"ix":1},"s":{"a":0,"k":[100,100],"ix":3},"r":{"a":0,"k":0,"ix":6},"o":{"a":0,"k":100,"ix":7},"sk":{"a":0,"k":0,"ix":4},"sa":{"a":0,"k":0,"ix":5},"nm":"Transform"}],"nm":"Group 1","np":2,"cix":2,"bm":0,"ix":1,"mn":"ADBE Vector Group","hd":false}],"ip":32,"op":100,"st":23,"bm":0}]}],"layers":[{"ddd":0,"ind":1,"ty":0,"nm":"Giftbox","refId":"comp_0","sr":1,"ks":{"o":{"a":0,"k":100,"ix":11},"r":{"a":0,"k":0,"ix":10},"p":{"a":0,"k":[16,16,0],"ix":2},"a":{"a":0,"k":[160,160,0],"ix":1},"s":{"a":0,"k":[10,10,100],"ix":6}},"ao":0,"w":320,"h":320,"ip":0,"op":100,"st":0,"bm":0}],"markers":[]}