{"nm":"Successful","mn":"","layers":[{"ty":5,"nm":"Payment Successful","mn":"","sr":1,"st":0,"op":47.0000019143492,"ip":0,"hd":false,"cl":"","ln":"","ddd":0,"bm":0,"hasMask":false,"ao":0,"ks":{"a":{"a":0,"k":[0,0,0],"ix":1},"s":{"a":0,"k":[100,100,100],"ix":6},"sk":{"a":0,"k":0},"p":{"a":0,"k":[664.641,864,0],"ix":2},"sa":{"a":0,"k":0},"o":{"a":1,"k":[{"o":{"x":0.167,"y":0.167},"i":{"x":0.833,"y":0.833},"s":[0],"t":27},{"o":{"x":0.167,"y":0.167},"i":{"x":0.833,"y":0.833},"s":[100],"t":37.0000015070409}],"ix":11},"r":{"a":0,"k":0,"ix":10}},"ef":[],"t":{"m":{"a":{"a":0,"k":[0,0],"ix":2},"g":1},"p":{},"a":[],"d":{"k":[{"s":{"f":"SFUIDisplay-Bold","s":64,"t":"","fc":[0.0588,0.9608,0.4118],"lh":76.8,"tr":0,"j":0,"ca":0},"t":0}]}},"ind":1},{"ty":4,"nm":"check","mn":"","sr":1,"st":0,"op":47.0000019143492,"ip":0,"hd":false,"cl":"","ln":"","ddd":0,"bm":0,"hasMask":false,"ao":0,"ks":{"a":{"a":0,"k":[0,0,0],"ix":1},"s":{"a":0,"k":[376.304,376.304,100],"ix":6},"sk":{"a":0,"k":0},"p":{"a":0,"k":[961.141,540,0],"ix":2},"sa":{"a":0,"k":0},"o":{"a":0,"k":100,"ix":11},"r":{"a":0,"k":0,"ix":10}},"ef":[],"shapes":[{"ty":"gr","bm":0,"cl":"","ln":"","hd":false,"mn":"ADBE Vector Group","nm":"Shape 1","ix":1,"cix":2,"np":3,"it":[{"ty":"sh","bm":0,"cl":"","ln":"","hd":false,"mn":"ADBE Vector Shape - Group","nm":"Path 1","ix":1,"d":1,"ks":{"a":0,"k":{"c":false,"i":[[0,0],[0,0],[0,0]],"o":[[0,0],[0,0],[0,0]],"v":[[-23,-3.5],[-7.5,12],[20.5,-16]]},"ix":2}},{"ty":"st","bm":0,"cl":"","ln":"","hd":false,"mn":"ADBE Vector Graphic - Stroke","nm":"Stroke 1","lc":2,"lj":1,"ml":4,"o":{"a":0,"k":100,"ix":4},"w":{"a":0,"k":12,"ix":5},"d":[],"c":{"a":0,"k":[1,1,1],"ix":3}},{"ty":"tr","a":{"a":0,"k":[0,0],"ix":1},"s":{"a":0,"k":[100,100],"ix":3},"sk":{"a":0,"k":0,"ix":4},"p":{"a":0,"k":[0,0],"ix":2},"r":{"a":0,"k":0,"ix":6},"sa":{"a":0,"k":0,"ix":5},"o":{"a":0,"k":100,"ix":7}}]},{"ty":"tm","bm":0,"cl":"","ln":"","hd":false,"mn":"ADBE Vector Filter - Trim","nm":"Trim Paths 1","ix":2,"e":{"a":1,"k":[{"o":{"x":0.333,"y":0},"i":{"x":0.667,"y":1},"s":[0],"t":14},{"o":{"x":0.167,"y":0.167},"i":{"x":0.833,"y":0.833},"s":[100],"t":27.0000010997325}],"ix":2},"o":{"a":0,"k":0,"ix":3},"s":{"a":0,"k":0,"ix":1},"m":1}],"ind":2},{"ty":4,"nm":"elipse bold","mn":"","sr":1,"st":0,"op":47.0000019143492,"ip":0,"hd":false,"cl":"","ln":"","ddd":0,"bm":0,"hasMask":false,"ao":0,"ks":{"a":{"a":0,"k":[-62,-4.5,0],"ix":1},"s":{"a":1,"k":[{"o":{"x":0.333,"y":0},"i":{"x":0.667,"y":1},"s":[41.25,41.25,100],"t":0},{"o":{"x":0.333,"y":0},"i":{"x":0.667,"y":1},"s":[532.5,532.5,100],"t":14},{"o":{"x":0.333,"y":0},"i":{"x":0.667,"y":1},"s":[413.25,413.25,100],"t":21},{"o":{"x":0.167,"y":0.167},"i":{"x":0.833,"y":0.833},"s":[508.75,508.75,100],"t":27.0000010997325}],"ix":6},"sk":{"a":0,"k":0},"p":{"a":0,"k":[960,535.5,0],"ix":2},"sa":{"a":0,"k":0},"o":{"a":1,"k":[{"o":{"x":0.333,"y":0},"i":{"x":0.667,"y":1},"s":[0],"t":0},{"o":{"x":0.333,"y":0},"i":{"x":0.667,"y":1},"s":[81],"t":14},{"o":{"x":0.167,"y":0.167},"i":{"x":0.833,"y":0.833},"s":[100],"t":27.0000010997325}],"ix":11},"r":{"a":0,"k":0,"ix":10}},"ef":[],"shapes":[{"ty":"gr","bm":0,"cl":"","ln":"","hd":false,"mn":"ADBE Vector Group","nm":"Ellipse 1","ix":1,"cix":2,"np":3,"it":[{"ty":"el","bm":0,"cl":"","ln":"","hd":false,"mn":"ADBE Vector Shape - Ellipse","nm":"Ellipse Path 1","d":1,"p":{"a":0,"k":[0,0],"ix":3},"s":{"a":0,"k":[80,80],"ix":2}},{"ty":"fl","bm":0,"cl":"","ln":"","hd":false,"mn":"ADBE Vector Graphic - Fill","nm":"Fill 1","c":{"a":0,"k":[0.0588,0.9608,0.4118],"ix":4},"r":1,"o":{"a":0,"k":100,"ix":5}},{"ty":"tr","a":{"a":0,"k":[0,0],"ix":1},"s":{"a":0,"k":[100,100],"ix":3},"sk":{"a":0,"k":0,"ix":4},"p":{"a":0,"k":[-62,-4.5],"ix":2},"r":{"a":0,"k":0,"ix":6},"sa":{"a":0,"k":0,"ix":5},"o":{"a":0,"k":100,"ix":7}}]}],"ind":3},{"ty":4,"nm":"elipse light","mn":"","sr":1,"st":0,"op":47.0000019143492,"ip":0,"hd":false,"cl":"","ln":"","ddd":0,"bm":0,"hasMask":false,"ao":0,"ks":{"a":{"a":0,"k":[-60.75,-4.5,0],"ix":1},"s":{"a":1,"k":[{"o":{"x":0.333,"y":0},"i":{"x":0.667,"y":1},"s":[100,100,100],"t":0},{"o":{"x":0.333,"y":0},"i":{"x":0.667,"y":1},"s":[530,530,100],"t":14},{"o":{"x":0.333,"y":0},"i":{"x":0.667,"y":1},"s":[431,431,100],"t":21},{"o":{"x":0.167,"y":0.167},"i":{"x":0.833,"y":0.833},"s":[535,535,100],"t":27.0000010997325}],"ix":6},"sk":{"a":0,"k":0},"p":{"a":0,"k":[960,535.5,0],"ix":2},"sa":{"a":0,"k":0},"o":{"a":1,"k":[{"o":{"x":0.333,"y":0},"i":{"x":0.667,"y":1},"s":[0],"t":0},{"o":{"x":0.333,"y":0},"i":{"x":0.667,"y":1},"s":[80],"t":14},{"o":{"x":0.167,"y":0.167},"i":{"x":0.833,"y":0.833},"s":[0],"t":27.0000010997325}],"ix":11},"r":{"a":0,"k":0,"ix":10}},"ef":[],"shapes":[{"ty":"gr","bm":0,"cl":"","ln":"","hd":false,"mn":"ADBE Vector Group","nm":"Ellipse 1","ix":1,"cix":2,"np":3,"it":[{"ty":"el","bm":0,"cl":"","ln":"","hd":false,"mn":"ADBE Vector Shape - Ellipse","nm":"Ellipse Path 1","d":1,"p":{"a":0,"k":[0,0],"ix":3},"s":{"a":0,"k":[122.5,122.5],"ix":2}},{"ty":"fl","bm":0,"cl":"","ln":"","hd":false,"mn":"ADBE Vector Graphic - Fill","nm":"Fill 1","c":{"a":0,"k":[0.502,1,0.7961],"ix":4},"r":1,"o":{"a":0,"k":100,"ix":5}},{"ty":"tr","a":{"a":0,"k":[0,0],"ix":1},"s":{"a":0,"k":[100,100],"ix":3},"sk":{"a":0,"k":0,"ix":4},"p":{"a":0,"k":[-60.75,-4.25],"ix":2},"r":{"a":0,"k":0,"ix":6},"sa":{"a":0,"k":0,"ix":5},"o":{"a":0,"k":100,"ix":7}}]}],"ind":4},{"ty":4,"nm":"stars","mn":"","sr":1,"st":0,"op":47.0000019143492,"ip":0,"hd":false,"cl":"","ln":"","ddd":0,"bm":0,"hasMask":false,"ao":0,"ks":{"a":{"a":0,"k":[0,0,0],"ix":1},"s":{"a":1,"k":[{"o":{"x":0.333,"y":0},"i":{"x":0.667,"y":1},"s":[89.979,89.979,100],"t":9},{"o":{"x":0.333,"y":0},"i":{"x":0.667,"y":1},"s":[440.397,440.397,100],"t":21},{"o":{"x":0.167,"y":0.167},"i":{"x":0.833,"y":0.833},"s":[554.944,554.944,100],"t":33.0000013441176}],"ix":6},"sk":{"a":0,"k":0},"p":{"a":0,"k":[960,540,0],"ix":2},"sa":{"a":0,"k":0},"o":{"a":1,"k":[{"o":{"x":0.333,"y":0},"i":{"x":0.667,"y":1},"s":[0],"t":9},{"o":{"x":0.333,"y":0},"i":{"x":0.667,"y":1},"s":[100],"t":21},{"o":{"x":0.167,"y":0.167},"i":{"x":0.833,"y":0.833},"s":[0],"t":33.0000013441176}],"ix":11},"r":{"a":0,"k":0,"ix":10}},"ef":[],"shapes":[{"ty":"gr","bm":0,"cl":"","ln":"","hd":false,"mn":"ADBE Vector Group","nm":"Polystar 7","ix":1,"cix":2,"np":3,"it":[{"ty":"sr","bm":0,"cl":"","ln":"","hd":false,"mn":"ADBE Vector Shape - Star","nm":"Polystar Path 1","ix":1,"d":1,"ir":{"a":0,"k":4.301,"ix":6},"is":{"a":0,"k":0,"ix":8},"pt":{"a":0,"k":5,"ix":3},"p":{"a":0,"k":[0,0],"ix":4},"or":{"a":0,"k":8.602,"ix":7},"os":{"a":0,"k":0,"ix":9},"r":{"a":0,"k":0,"ix":5},"sy":1},{"ty":"fl","bm":0,"cl":"","ln":"","hd":false,"mn":"ADBE Vector Graphic - Fill","nm":"Fill 1","c":{"a":0,"k":[0.0588,0.9412,0.3333],"ix":4},"r":1,"o":{"a":0,"k":100,"ix":5}},{"ty":"tr","a":{"a":0,"k":[0,0],"ix":1},"s":{"a":0,"k":[100,100],"ix":3},"sk":{"a":0,"k":0,"ix":4},"p":{"a":0,"k":[2.5,81],"ix":2},"r":{"a":0,"k":0,"ix":6},"sa":{"a":0,"k":0,"ix":5},"o":{"a":0,"k":100,"ix":7}}]},{"ty":"gr","bm":0,"cl":"","ln":"","hd":false,"mn":"ADBE Vector Group","nm":"Polystar 6","ix":2,"cix":2,"np":3,"it":[{"ty":"sr","bm":0,"cl":"","ln":"","hd":false,"mn":"ADBE Vector Shape - Star","nm":"Polystar Path 1","ix":1,"d":1,"ir":{"a":0,"k":2.761,"ix":6},"is":{"a":0,"k":0,"ix":8},"pt":{"a":0,"k":5,"ix":3},"p":{"a":0,"k":[0,0],"ix":4},"or":{"a":0,"k":5.523,"ix":7},"os":{"a":0,"k":0,"ix":9},"r":{"a":0,"k":0,"ix":5},"sy":1},{"ty":"fl","bm":0,"cl":"","ln":"","hd":false,"mn":"ADBE Vector Graphic - Fill","nm":"Fill 1","c":{"a":0,"k":[0.0588,0.9412,0.3333],"ix":4},"r":1,"o":{"a":0,"k":100,"ix":5}},{"ty":"tr","a":{"a":0,"k":[0,0],"ix":1},"s":{"a":0,"k":[100,100],"ix":3},"sk":{"a":0,"k":0,"ix":4},"p":{"a":0,"k":[-3.5,-91.75],"ix":2},"r":{"a":0,"k":0,"ix":6},"sa":{"a":0,"k":0,"ix":5},"o":{"a":0,"k":100,"ix":7}}]},{"ty":"gr","bm":0,"cl":"","ln":"","hd":false,"mn":"ADBE Vector Group","nm":"Polystar 4","ix":3,"cix":2,"np":3,"it":[{"ty":"sr","bm":0,"cl":"","ln":"","hd":false,"mn":"ADBE Vector Shape - Star","nm":"Polystar Path 1","ix":1,"d":1,"ir":{"a":0,"k":4.301,"ix":6},"is":{"a":0,"k":0,"ix":8},"pt":{"a":0,"k":5,"ix":3},"p":{"a":0,"k":[0,0],"ix":4},"or":{"a":0,"k":8.602,"ix":7},"os":{"a":0,"k":0,"ix":9},"r":{"a":0,"k":0,"ix":5},"sy":1},{"ty":"fl","bm":0,"cl":"","ln":"","hd":false,"mn":"ADBE Vector Graphic - Fill","nm":"Fill 1","c":{"a":0,"k":[0.0588,0.9412,0.3333],"ix":4},"r":1,"o":{"a":0,"k":100,"ix":5}},{"ty":"tr","a":{"a":0,"k":[0,0],"ix":1},"s":{"a":0,"k":[100,100],"ix":3},"sk":{"a":0,"k":0,"ix":4},"p":{"a":0,"k":[-82,-12],"ix":2},"r":{"a":0,"k":0,"ix":6},"sa":{"a":0,"k":0,"ix":5},"o":{"a":0,"k":100,"ix":7}}]},{"ty":"gr","bm":0,"cl":"","ln":"","hd":false,"mn":"ADBE Vector Group","nm":"Polystar 2","ix":4,"cix":2,"np":3,"it":[{"ty":"sr","bm":0,"cl":"","ln":"","hd":false,"mn":"ADBE Vector Shape - Star","nm":"Polystar Path 1","ix":1,"d":1,"ir":{"a":0,"k":3.64,"ix":6},"is":{"a":0,"k":0,"ix":8},"pt":{"a":0,"k":5,"ix":3},"p":{"a":0,"k":[0,0],"ix":4},"or":{"a":0,"k":7.28,"ix":7},"os":{"a":0,"k":0,"ix":9},"r":{"a":0,"k":0,"ix":5},"sy":1},{"ty":"fl","bm":0,"cl":"","ln":"","hd":false,"mn":"ADBE Vector Graphic - Fill","nm":"Fill 1","c":{"a":0,"k":[0.0588,0.9412,0.3333],"ix":4},"r":1,"o":{"a":0,"k":100,"ix":5}},{"ty":"tr","a":{"a":0,"k":[0,0],"ix":1},"s":{"a":0,"k":[100,100],"ix":3},"sk":{"a":0,"k":0,"ix":4},"p":{"a":0,"k":[89.5,-14.5],"ix":2},"r":{"a":0,"k":0,"ix":6},"sa":{"a":0,"k":0,"ix":5},"o":{"a":0,"k":100,"ix":7}}]}],"ind":5},{"ty":4,"nm":"circle","mn":"","sr":1,"st":0,"op":47.0000019143492,"ip":0,"hd":false,"cl":"","ln":"","ddd":0,"bm":0,"hasMask":false,"ao":0,"ks":{"a":{"a":0,"k":[0,0,0],"ix":1},"s":{"a":1,"k":[{"o":{"x":0.333,"y":0},"i":{"x":0.667,"y":1},"s":[139.752,139.752,100],"t":9},{"o":{"x":0.333,"y":0},"i":{"x":0.667,"y":1},"s":[535.117,535.117,100],"t":21},{"o":{"x":0.167,"y":0.167},"i":{"x":0.833,"y":0.833},"s":[785.336,785.336,100],"t":33.0000013441176}],"ix":6},"sk":{"a":0,"k":0},"p":{"a":0,"k":[960,540,0],"ix":2},"sa":{"a":0,"k":0},"o":{"a":1,"k":[{"o":{"x":0.333,"y":0},"i":{"x":0.667,"y":1},"s":[0],"t":9},{"o":{"x":0.333,"y":0},"i":{"x":0.667,"y":1},"s":[100],"t":21},{"o":{"x":0.167,"y":0.167},"i":{"x":0.833,"y":0.833},"s":[0],"t":33.0000013441176}],"ix":11},"r":{"a":0,"k":0,"ix":10}},"ef":[],"shapes":[{"ty":"gr","bm":0,"cl":"","ln":"","hd":false,"mn":"ADBE Vector Group","nm":"Ellipse 8","ix":1,"cix":2,"np":3,"it":[{"ty":"el","bm":0,"cl":"","ln":"","hd":false,"mn":"ADBE Vector Shape - Ellipse","nm":"Ellipse Path 1","d":1,"p":{"a":0,"k":[0,0],"ix":3},"s":{"a":0,"k":[7.5,7.5],"ix":2}},{"ty":"fl","bm":0,"cl":"","ln":"","hd":false,"mn":"ADBE Vector Graphic - Fill","nm":"Fill 1","c":{"a":0,"k":[0.0588,0.9412,0.3333],"ix":4},"r":1,"o":{"a":0,"k":100,"ix":5}},{"ty":"tr","a":{"a":0,"k":[0,0],"ix":1},"s":{"a":0,"k":[100,100],"ix":3},"sk":{"a":0,"k":0,"ix":4},"p":{"a":0,"k":[-0.25,58.75],"ix":2},"r":{"a":0,"k":0,"ix":6},"sa":{"a":0,"k":0,"ix":5},"o":{"a":0,"k":100,"ix":7}}]},{"ty":"gr","bm":0,"cl":"","ln":"","hd":false,"mn":"ADBE Vector Group","nm":"Ellipse 7","ix":2,"cix":2,"np":3,"it":[{"ty":"el","bm":0,"cl":"","ln":"","hd":false,"mn":"ADBE Vector Shape - Ellipse","nm":"Ellipse Path 1","d":1,"p":{"a":0,"k":[0,0],"ix":3},"s":{"a":0,"k":[6.5,6.5],"ix":2}},{"ty":"fl","bm":0,"cl":"","ln":"","hd":false,"mn":"ADBE Vector Graphic - Fill","nm":"Fill 1","c":{"a":0,"k":[0.0588,0.9412,0.3333],"ix":4},"r":1,"o":{"a":0,"k":100,"ix":5}},{"ty":"tr","a":{"a":0,"k":[0,0],"ix":1},"s":{"a":0,"k":[100,100],"ix":3},"sk":{"a":0,"k":0,"ix":4},"p":{"a":0,"k":[-4.25,-61.75],"ix":2},"r":{"a":0,"k":0,"ix":6},"sa":{"a":0,"k":0,"ix":5},"o":{"a":0,"k":100,"ix":7}}]},{"ty":"gr","bm":0,"cl":"","ln":"","hd":false,"mn":"ADBE Vector Group","nm":"Ellipse 6","ix":3,"cix":2,"np":3,"it":[{"ty":"el","bm":0,"cl":"","ln":"","hd":false,"mn":"ADBE Vector Shape - Ellipse","nm":"Ellipse Path 1","d":1,"p":{"a":0,"k":[0,0],"ix":3},"s":{"a":0,"k":[7,7],"ix":2}},{"ty":"fl","bm":0,"cl":"","ln":"","hd":false,"mn":"ADBE Vector Graphic - Fill","nm":"Fill 1","c":{"a":0,"k":[0.0588,0.9412,0.3333],"ix":4},"r":1,"o":{"a":0,"k":100,"ix":5}},{"ty":"tr","a":{"a":0,"k":[0,0],"ix":1},"s":{"a":0,"k":[100,100],"ix":3},"sk":{"a":0,"k":0,"ix":4},"p":{"a":0,"k":[55,-14],"ix":2},"r":{"a":0,"k":0,"ix":6},"sa":{"a":0,"k":0,"ix":5},"o":{"a":0,"k":100,"ix":7}}]},{"ty":"gr","bm":0,"cl":"","ln":"","hd":false,"mn":"ADBE Vector Group","nm":"Ellipse 5","ix":4,"cix":2,"np":3,"it":[{"ty":"el","bm":0,"cl":"","ln":"","hd":false,"mn":"ADBE Vector Shape - Ellipse","nm":"Ellipse Path 1","d":1,"p":{"a":0,"k":[0,0],"ix":3},"s":{"a":0,"k":[6,6],"ix":2}},{"ty":"fl","bm":0,"cl":"","ln":"","hd":false,"mn":"ADBE Vector Graphic - Fill","nm":"Fill 1","c":{"a":0,"k":[0.0588,0.9412,0.3333],"ix":4},"r":1,"o":{"a":0,"k":100,"ix":5}},{"ty":"tr","a":{"a":0,"k":[0,0],"ix":1},"s":{"a":0,"k":[100,100],"ix":3},"sk":{"a":0,"k":0,"ix":4},"p":{"a":0,"k":[-56.5,9.5],"ix":2},"r":{"a":0,"k":0,"ix":6},"sa":{"a":0,"k":0,"ix":5},"o":{"a":0,"k":100,"ix":7}}]},{"ty":"gr","bm":0,"cl":"","ln":"","hd":false,"mn":"ADBE Vector Group","nm":"Ellipse 4","ix":5,"cix":2,"np":3,"it":[{"ty":"el","bm":0,"cl":"","ln":"","hd":false,"mn":"ADBE Vector Shape - Ellipse","nm":"Ellipse Path 1","d":1,"p":{"a":0,"k":[0,0],"ix":3},"s":{"a":0,"k":[11.5,11.5],"ix":2}},{"ty":"fl","bm":0,"cl":"","ln":"","hd":false,"mn":"ADBE Vector Graphic - Fill","nm":"Fill 1","c":{"a":0,"k":[0.0588,0.9412,0.3333],"ix":4},"r":1,"o":{"a":0,"k":100,"ix":5}},{"ty":"tr","a":{"a":0,"k":[0,0],"ix":1},"s":{"a":0,"k":[100,100],"ix":3},"sk":{"a":0,"k":0,"ix":4},"p":{"a":0,"k":[54.25,32.75],"ix":2},"r":{"a":0,"k":0,"ix":6},"sa":{"a":0,"k":0,"ix":5},"o":{"a":0,"k":100,"ix":7}}]},{"ty":"gr","bm":0,"cl":"","ln":"","hd":false,"mn":"ADBE Vector Group","nm":"Ellipse 3","ix":6,"cix":2,"np":3,"it":[{"ty":"el","bm":0,"cl":"","ln":"","hd":false,"mn":"ADBE Vector Shape - Ellipse","nm":"Ellipse Path 1","d":1,"p":{"a":0,"k":[0,0],"ix":3},"s":{"a":0,"k":[14.5,14.5],"ix":2}},{"ty":"fl","bm":0,"cl":"","ln":"","hd":false,"mn":"ADBE Vector Graphic - Fill","nm":"Fill 1","c":{"a":0,"k":[0.0588,0.9412,0.3333],"ix":4},"r":1,"o":{"a":0,"k":100,"ix":5}},{"ty":"tr","a":{"a":0,"k":[0,0],"ix":1},"s":{"a":0,"k":[100,100],"ix":3},"sk":{"a":0,"k":0,"ix":4},"p":{"a":0,"k":[-50.25,41.25],"ix":2},"r":{"a":0,"k":0,"ix":6},"sa":{"a":0,"k":0,"ix":5},"o":{"a":0,"k":100,"ix":7}}]},{"ty":"gr","bm":0,"cl":"","ln":"","hd":false,"mn":"ADBE Vector Group","nm":"Ellipse 2","ix":7,"cix":2,"np":3,"it":[{"ty":"el","bm":0,"cl":"","ln":"","hd":false,"mn":"ADBE Vector Shape - Ellipse","nm":"Ellipse Path 1","d":1,"p":{"a":0,"k":[0,0],"ix":3},"s":{"a":0,"k":[12.5,12.5],"ix":2}},{"ty":"fl","bm":0,"cl":"","ln":"","hd":false,"mn":"ADBE Vector Graphic - Fill","nm":"Fill 1","c":{"a":0,"k":[0.0588,0.9412,0.3333],"ix":4},"r":1,"o":{"a":0,"k":100,"ix":5}},{"ty":"tr","a":{"a":0,"k":[0,0],"ix":1},"s":{"a":0,"k":[100,100],"ix":3},"sk":{"a":0,"k":0,"ix":4},"p":{"a":0,"k":[-46.75,-50.25],"ix":2},"r":{"a":0,"k":0,"ix":6},"sa":{"a":0,"k":0,"ix":5},"o":{"a":0,"k":100,"ix":7}}]},{"ty":"gr","bm":0,"cl":"","ln":"","hd":false,"mn":"ADBE Vector Group","nm":"Ellipse 1","ix":8,"cix":2,"np":3,"it":[{"ty":"el","bm":0,"cl":"","ln":"","hd":false,"mn":"ADBE Vector Shape - Ellipse","nm":"Ellipse Path 1","d":1,"p":{"a":0,"k":[0,0],"ix":3},"s":{"a":0,"k":[15.5,15.5],"ix":2}},{"ty":"fl","bm":0,"cl":"","ln":"","hd":false,"mn":"ADBE Vector Graphic - Fill","nm":"Fill 1","c":{"a":0,"k":[0.0588,0.9412,0.3333],"ix":4},"r":1,"o":{"a":0,"k":100,"ix":5}},{"ty":"tr","a":{"a":0,"k":[0,0],"ix":1},"s":{"a":0,"k":[100,100],"ix":3},"sk":{"a":0,"k":0,"ix":4},"p":{"a":0,"k":[45.25,-60.75],"ix":2},"r":{"a":0,"k":0,"ix":6},"sa":{"a":0,"k":0,"ix":5},"o":{"a":0,"k":100,"ix":7}}]}],"ind":6}],"ddd":0,"h":1080,"w":1920,"meta":{"a":"","k":"","d":"","g":"@lottiefiles/toolkit-js 0.21.3","tc":"#000000"},"v":"5.6.3","fr":29.9700012207031,"op":47.0000019143492,"ip":0,"fonts":{"list":[{"ascent":73.828125,"fClass":"","fFamily":"SF UI Display","fName":"SFUIDisplay-Bold","fStyle":"Bold","fPath":"","fWeight":"","origin":0}]},"chars":[{"ch":"P","fFamily":"SF UI Display","size":64,"style":"Bold","w":62.5,"data":{"shapes":[{"ty":"gr","bm":0,"cl":"","ln":"","hd":false,"mn":"ADBE Vector Group","nm":"P","ix":1,"cix":2,"np":5,"it":[{"ty":"sh","bm":0,"cl":"","ln":"","hd":false,"mn":"ADBE Vector Shape - Group","nm":"P","ix":1,"d":1,"ks":{"a":0,"k":{"c":true,"i":[[0,0],[0,0],[0,0],[0,0],[0,0],[0,14.453],[14.453,0]],"o":[[0,0],[0,0],[0,0],[0,0],[14.844,0],[0,-14.502],[0,0]],"v":[[5.859,-70.459],[5.859,0],[20.605,0],[20.605,-22.217],[34.521,-22.217],[59.668,-46.338],[35.254,-70.459]]},"ix":2}},{"ty":"sh","bm":0,"cl":"","ln":"","hd":false,"mn":"ADBE Vector Shape - Group","nm":"P","ix":2,"d":1,"ks":{"a":0,"k":{"c":true,"i":[[0,0],[0,0],[0,-8.008],[8.447,0],[0,0]],"o":[[0,0],[8.447,0],[0,8.057],[0,0],[0,0]],"v":[[20.605,-58.789],[31.348,-58.789],[44.678,-46.289],[31.299,-33.74],[20.605,-33.74]]},"ix":2}}]}]}},{"ch":"a","fFamily":"SF UI Display","size":64,"style":"Bold","w":56.01,"data":{"shapes":[{"ty":"gr","bm":0,"cl":"","ln":"","hd":false,"mn":"ADBE Vector Group","nm":"a","ix":1,"cix":2,"np":5,"it":[{"ty":"sh","bm":0,"cl":"","ln":"","hd":false,"mn":"ADBE Vector Shape - Group","nm":"a","ix":1,"d":1,"ks":{"a":0,"k":{"c":true,"i":[[6.592,0],[0,3.955],[-5.957,0.391],[0,0],[0,0]],"o":[[-5.176,0],[0,-3.955],[0,0],[0,0],[0,5.859]],"v":[[25.391,-9.766],[16.846,-16.211],[25.977,-22.9],[37.256,-23.682],[37.256,-19.727]]},"ix":2}},{"ty":"sh","bm":0,"cl":"","ln":"","hd":false,"mn":"ADBE Vector Shape - Group","nm":"a","ix":2,"d":1,"ks":{"a":0,"k":{"c":true,"i":[[-10.352,0],[-2.93,5.615],[0,0],[0,0],[0,0],[0,0],[13.818,0],[0.391,-10.254],[0,0],[-5.176,0],[0,-5.176],[0,0],[0,0],[0,-9.766]],"o":[[6.885,0],[0,0],[0,0],[0,0],[0,0],[0,-10.742],[-13.428,0],[0,0],[0.684,-3.906],[5.859,0],[0,0],[0,0],[-13.721,0.83],[0,9.619]],"v":[[20.752,0.635],[37.207,-8.301],[37.5,-8.301],[37.5,0],[51.27,0],[51.27,-36.865],[28.418,-54.688],[5.322,-37.354],[18.359,-37.354],[27.832,-43.994],[37.256,-35.986],[37.256,-32.422],[23.828,-31.592],[2.637,-15.479]]},"ix":2}}]}]}},{"ch":"y","fFamily":"SF UI Display","size":64,"style":"Bold","w":56.2,"data":{"shapes":[{"ty":"gr","bm":0,"cl":"","ln":"","hd":false,"mn":"ADBE Vector Group","nm":"y","ix":1,"cix":2,"np":3,"it":[{"ty":"sh","bm":0,"cl":"","ln":"","hd":false,"mn":"ADBE Vector Shape - Group","nm":"y","ix":1,"d":1,"ks":{"a":0,"k":{"c":true,"i":[[-0.537,0],[-4.59,13.721],[0,0],[0,0],[0,0],[0,0],[0,0],[0,0],[0,0],[0,0],[5.322,0],[0.488,0.098],[0,0]],"o":[[13.428,0],[0,0],[0,0],[0,0],[0,0],[0,0],[0,0],[0,0],[0,0],[-1.123,4.297],[-0.586,0],[0,0],[0.537,0.098]],"v":[[11.67,19.629],[36.279,1.074],[54.883,-53.76],[39.844,-53.76],[28.174,-11.572],[27.881,-11.572],[16.26,-53.76],[0.635,-53.76],[19.482,0.342],[18.994,2.393],[9.473,8.545],[6.25,8.398],[6.25,19.434]]},"ix":2}}]}]}},{"ch":"m","fFamily":"SF UI Display","size":64,"style":"Bold","w":88.43,"data":{"shapes":[{"ty":"gr","bm":0,"cl":"","ln":"","hd":false,"mn":"ADBE Vector Group","nm":"m","ix":1,"cix":2,"np":3,"it":[{"ty":"sh","bm":0,"cl":"","ln":"","hd":false,"mn":"ADBE Vector Shape - Group","nm":"m","ix":1,"d":1,"ks":{"a":0,"k":{"c":true,"i":[[0,0],[0,0],[0,0],[-5.615,0],[0,-5.762],[0,0],[0,0],[0,0],[-5.615,0],[0,-6.299],[0,0],[0,0],[0,0],[10.547,0],[2.441,-6.738],[0,0],[7.715,0],[2.295,-6.494],[0,0],[0,0],[0,0]],"o":[[0,0],[0,0],[0,-6.104],[5.518,0],[0,0],[0,0],[0,0],[0,-6.104],[5.811,0],[0,0],[0,0],[0,0],[0,-10.84],[-7.813,0],[0,0],[-1.807,-7.031],[-7.178,0],[0,0],[0,0],[0,0],[0,0]],"v":[[4.834,0],[19.092,0],[19.092,-32.324],[28.613,-42.725],[37.451,-33.496],[37.451,0],[51.221,0],[51.221,-32.52],[60.596,-42.725],[69.58,-32.959],[69.58,0],[83.838,0],[83.838,-36.523],[66.211,-54.541],[49.512,-43.555],[49.219,-43.555],[34.229,-54.541],[18.896,-43.994],[18.604,-43.994],[18.604,-53.76],[4.834,-53.76]]},"ix":2}}]}]}},{"ch":"e","fFamily":"SF UI Display","size":64,"style":"Bold","w":56.84,"data":{"shapes":[{"ty":"gr","bm":0,"cl":"","ln":"","hd":false,"mn":"ADBE Vector Group","nm":"e","ix":1,"cix":2,"np":5,"it":[{"ty":"sh","bm":0,"cl":"","ln":"","hd":false,"mn":"ADBE Vector Shape - Group","nm":"e","ix":1,"d":1,"ks":{"a":0,"k":{"c":true,"i":[[-6.494,0],[-0.244,-7.031],[0,0]],"o":[[6.592,0],[0,0],[0.488,-6.885]],"v":[[28.809,-44.043],[40.234,-32.422],[17.041,-32.422]]},"ix":2}},{"ty":"sh","bm":0,"cl":"","ln":"","hd":false,"mn":"ADBE Vector Shape - Group","nm":"e","ix":2,"d":1,"ks":{"a":0,"k":{"c":true,"i":[[0,0],[5.371,0],[0,7.764],[0,0],[0,0],[0,0],[15.479,0],[0,-17.09],[-16.357,0],[-1.563,10.4]],"o":[[-1.367,4.15],[-7.52,0],[0,0],[0,0],[0,0],[0,-16.357],[-15.771,0],[0,17.09],[13.086,0],[0,0]],"v":[[40.43,-16.406],[29.443,-9.717],[16.895,-22.705],[16.895,-23.584],[54.004,-23.584],[54.004,-27.979],[28.662,-54.688],[2.832,-26.66],[29.199,0.928],[53.564,-16.406]]},"ix":2}}]}]}},{"ch":"n","fFamily":"SF UI Display","size":64,"style":"Bold","w":58.94,"data":{"shapes":[{"ty":"gr","bm":0,"cl":"","ln":"","hd":false,"mn":"ADBE Vector Group","nm":"n","ix":1,"cix":2,"np":3,"it":[{"ty":"sh","bm":0,"cl":"","ln":"","hd":false,"mn":"ADBE Vector Shape - Group","nm":"n","ix":1,"d":1,"ks":{"a":0,"k":{"c":true,"i":[[0,0],[0,0],[0,0],[-6.836,0],[0,-7.129],[0,0],[0,0],[0,0],[11.914,0],[3.076,-6.787],[0,0],[0,0],[0,0]],"o":[[0,0],[0,0],[0,-7.129],[6.738,0],[0,0],[0,0],[0,0],[0,-12.549],[-8.252,0],[0,0],[0,0],[0,0],[0,0]],"v":[[4.834,0],[19.092,0],[19.092,-30.664],[30.029,-42.676],[40.088,-31.494],[40.088,0],[54.346,0],[54.346,-34.473],[35.693,-54.541],[18.896,-44.141],[18.604,-44.141],[18.604,-53.76],[4.834,-53.76]]},"ix":2}}]}]}},{"ch":"t","fFamily":"SF UI Display","size":64,"style":"Bold","w":36.18,"data":{"shapes":[{"ty":"gr","bm":0,"cl":"","ln":"","hd":false,"mn":"ADBE Vector Group","nm":"t","ix":1,"cix":2,"np":3,"it":[{"ty":"sh","bm":0,"cl":"","ln":"","hd":false,"mn":"ADBE Vector Shape - Group","nm":"t","ix":1,"d":1,"ks":{"a":0,"k":{"c":true,"i":[[0,0],[0,0],[0,0],[0,0],[0,0],[0,0],[-12.451,0],[-1.465,0.293],[0,0],[1.27,0],[0,4.15],[0,0],[0,0],[0,0],[0,0],[0,0]],"o":[[0,0],[0,0],[0,0],[0,0],[0,0],[0,10.498],[2.881,0],[0,0],[-0.879,0.146],[-4.346,0],[0,0],[0,0],[0,0],[0,0],[0,0],[0,0]],"v":[[8.643,-65.723],[8.643,-53.76],[1.367,-53.76],[1.367,-42.969],[8.643,-42.969],[8.643,-14.502],[25.977,0.195],[32.861,-0.391],[32.861,-10.938],[29.297,-10.693],[22.9,-16.846],[22.9,-42.969],[32.861,-42.969],[32.861,-53.76],[22.9,-53.76],[22.9,-65.723]]},"ix":2}}]}]}},{"ch":" ","fFamily":"SF UI Display","size":64,"style":"Bold","w":21.48,"data":{}},{"ch":"S","fFamily":"SF UI Display","size":64,"style":"Bold","w":63.13,"data":{"shapes":[{"ty":"gr","bm":0,"cl":"","ln":"","hd":false,"mn":"ADBE Vector Group","nm":"S","ix":1,"cix":2,"np":3,"it":[{"ty":"sh","bm":0,"cl":"","ln":"","hd":false,"mn":"ADBE Vector Shape - Group","nm":"S","ix":1,"d":1,"ks":{"a":0,"k":{"c":true,"i":[[0,0],[-16.943,0],[0,13.672],[14.111,3.027],[0,0],[0,4.346],[-7.275,0],[-0.488,-5.957],[0,0],[16.406,0],[0,-12.988],[-12.988,-2.783],[0,0],[0,-4.59],[7.861,0],[0.684,5.811]],"o":[[0.439,13.232],[17.48,0],[0,-10.742],[0,0],[-8.105,-1.855],[0,-5.225],[7.373,0],[0,0],[-0.244,-12.744],[-15.723,0],[0,10.303],[0,0],[8.496,1.904],[0,5.176],[-7.813,0],[0,0]],"v":[[3.223,-20.068],[31.396,1.221],[59.961,-21.094],[39.697,-40.918],[31.152,-42.725],[19.629,-51.367],[31.787,-60.059],[44.873,-50.488],[58.691,-50.488],[31.738,-71.68],[4.785,-50.098],[24.17,-30.42],[33.35,-28.418],[45.215,-19.385],[31.982,-10.449],[17.432,-20.068]]},"ix":2}}]}]}},{"ch":"u","fFamily":"SF UI Display","size":64,"style":"Bold","w":58.94,"data":{"shapes":[{"ty":"gr","bm":0,"cl":"","ln":"","hd":false,"mn":"ADBE Vector Group","nm":"u","ix":1,"cix":2,"np":3,"it":[{"ty":"sh","bm":0,"cl":"","ln":"","hd":false,"mn":"ADBE Vector Shape - Group","nm":"u","ix":1,"d":1,"ks":{"a":0,"k":{"c":true,"i":[[0,0],[0,0],[0,0],[6.641,0],[0,7.275],[0,0],[0,0],[0,0],[-11.621,0],[-2.734,6.738],[0,0],[0,0],[0,0]],"o":[[0,0],[0,0],[0,7.275],[-6.592,0],[0,0],[0,0],[0,0],[0,12.5],[8.154,0],[0,0],[0,0],[0,0],[0,0]],"v":[[54.102,-53.76],[39.844,-53.76],[39.844,-23.145],[29.053,-11.084],[18.848,-22.266],[18.848,-53.76],[4.59,-53.76],[4.59,-19.287],[23.877,0.781],[40.039,-9.717],[40.332,-9.717],[40.332,0],[54.102,0]]},"ix":2}}]}]}},{"ch":"c","fFamily":"SF UI Display","size":64,"style":"Bold","w":55.76,"data":{"shapes":[{"ty":"gr","bm":0,"cl":"","ln":"","hd":false,"mn":"ADBE Vector Group","nm":"c","ix":1,"cix":2,"np":3,"it":[{"ty":"sh","bm":0,"cl":"","ln":"","hd":false,"mn":"ADBE Vector Shape - Group","nm":"c","ix":1,"d":1,"ks":{"a":0,"k":{"c":true,"i":[[0,0],[14.453,0],[0,-17.041],[-16.064,0],[-0.83,12.5],[0,0],[6.006,0],[0,10.498],[-7.324,0],[-0.781,-5.566]],"o":[[-0.684,-11.963],[-15.967,0],[0,17.285],[14.111,0],[0,0],[-0.928,5.908],[-7.373,0],[0,-10.303],[6.201,0],[0,0]],"v":[[53.418,-33.936],[29.053,-54.688],[2.832,-26.904],[29.15,0.928],[53.467,-19.531],[40.186,-19.531],[29.297,-10.352],[17.285,-26.904],[29.248,-43.457],[40.137,-33.936]]},"ix":2}}]}]}},{"ch":"s","fFamily":"SF UI Display","size":64,"style":"Bold","w":52.64,"data":{"shapes":[{"ty":"gr","bm":0,"cl":"","ln":"","hd":false,"mn":"ADBE Vector Group","nm":"s","ix":1,"cix":2,"np":3,"it":[{"ty":"sh","bm":0,"cl":"","ln":"","hd":false,"mn":"ADBE Vector Shape - Group","nm":"s","ix":1,"d":1,"ks":{"a":0,"k":{"c":true,"i":[[0,-10.107],[-10.107,-2.295],[0,0],[0,-2.783],[5.664,0],[0.684,4.541],[0,0],[-14.16,0],[0,10.449],[10.791,2.441],[0,0],[0,2.686],[-5.127,0],[-0.293,-4.248],[0,0],[13.281,0]],"o":[[0,7.861],[0,0],[4.883,1.172],[0,3.516],[-5.908,0],[0,0],[0.732,10.352],[14.063,0],[0,-8.008],[0,0],[-4.834,-1.123],[0,-3.467],[5.469,0],[0,0],[-0.195,-10.254],[-13.623,0]],"v":[[3.906,-37.939],[19.238,-22.559],[29.15,-20.313],[35.889,-14.893],[26.758,-9.18],[16.504,-16.26],[2.588,-16.26],[26.367,0.928],[50.049,-16.406],[34.961,-31.006],[24.854,-33.203],[17.676,-38.818],[26.221,-44.58],[35.547,-37.646],[48.73,-37.646],[26.416,-54.688]]},"ix":2}}]}]}},{"ch":"f","fFamily":"SF UI Display","size":64,"style":"Bold","w":35.84,"data":{"shapes":[{"ty":"gr","bm":0,"cl":"","ln":"","hd":false,"mn":"ADBE Vector Group","nm":"f","ix":1,"cix":2,"np":3,"it":[{"ty":"sh","bm":0,"cl":"","ln":"","hd":false,"mn":"ADBE Vector Shape - Group","nm":"f","ix":1,"d":1,"ks":{"a":0,"k":{"c":true,"i":[[0,0],[0,0],[0,0],[0,0],[0,0],[0,0],[0,0],[-4.297,0],[-1.025,-0.195],[0,0],[2.441,0],[0,-10.352],[0,0],[0,0],[0,0],[0,0]],"o":[[0,0],[0,0],[0,0],[0,0],[0,0],[0,0],[0.049,-3.76],[1.563,0],[0,0],[-1.953,-0.293],[-12.451,0],[0,0],[0,0],[0,0],[0,0],[0,0]],"v":[[8.643,0],[22.9,0],[22.9,-42.969],[32.666,-42.969],[32.666,-53.76],[22.607,-53.76],[22.607,-57.715],[28.711,-63.086],[32.617,-62.744],[32.617,-72.656],[26.025,-73.145],[8.643,-58.545],[8.643,-53.76],[1.367,-53.76],[1.367,-42.969],[8.643,-42.969]]},"ix":2}}]}]}},{"ch":"l","fFamily":"SF UI Display","size":64,"style":"Bold","w":24.66,"data":{"shapes":[{"ty":"gr","bm":0,"cl":"","ln":"","hd":false,"mn":"ADBE Vector Group","nm":"l","ix":1,"cix":2,"np":3,"it":[{"ty":"sh","bm":0,"cl":"","ln":"","hd":false,"mn":"ADBE Vector Shape - Group","nm":"l","ix":1,"d":1,"ks":{"a":0,"k":{"c":true,"i":[[0,0],[0,0],[0,0],[0,0]],"o":[[0,0],[0,0],[0,0],[0,0]],"v":[[5.225,0],[19.482,0],[19.482,-73.828],[5.225,-73.828]]},"ix":2}}]}]}}],"assets":[]}